id_segmentasi,id_tenant,txt_latar_belakang,txt_noble_purpose,txt_konsumen,txt_produk_inovatif,txt_strategi_pemasaran,txt_sumber_daya,txt_keuangan_narrative,txt_rab_narrative,parsing_status,full_proposal,feat_completeness_latar_belakang,feat_completeness_deskripsi_usaha,feat_completeness_rab,feat_depth_latar_belakang,feat_depth_deskripsi_usaha,feat_depth_rab,feat_keywords_latar_belakang,feat_keywords_deskripsi_usaha,feat_keywords_rab,feat_numerical_latar_belakang,feat_numerical_deskripsi_usaha,feat_numerical_rab,feat_structure_latar_belakang,feat_structure_deskripsi_usaha,feat_structure_rab,skor_latar_belakang,skor_deskripsi_usaha,skor_rab,bobot_latar_belakang,bobot_deskripsi_usaha,bobot_rab,nilai_total_akhir,rekomendasi_sistem,waktu_penilaian,id_penilaian
1,1,Antrian di puskesmas daerah Bandung rata-rata memakan waktu 3 jam. Banyak pasien lansia kelelahan menunggu. Sistem pendaftaran manual sering menyebabkan data hilang.,"Meningkatkan akses kesehatan masyarakat yang manusiawi dan efisien melalui teknologi, serta mengurangi beban administrasi tenaga medis.","Target utama adalah pasien BPJS di area urban Bandung Raya usia 20-50 tahun yang tech-savvy, serta lansia yang didampingi keluarga.",Aplikasi AntriSehat menggunakan algoritma estimasi waktu real-time dan integrasi NIK untuk rekam medis sederhana. Fitur notifikasi WA otomatis.,"Kerjasama B2G dengan Dinas Kesehatan Kota Bandung, promosi via puskesmas, dan iklan Facebook Ads menargetkan keluarga muda.","Tim terdiri dari 1 Fullstack Dev Ex-Tokopedia , 1 Dokter Umum sebagai advisor medis, dan 1 UI UX Designer.",Proyeksi pendapatan dari biaya langganan klinik swasta Rp 500rb bulan. Burn rate saat ini Rp 5jt bulan.,"Dana 50 juta akan digunakan untuk sewa cloud server 20 , gaji developer paruh waktu 50 , dan marketing offline 30 .",Success,"[LATAR BELAKANG] Antrian di puskesmas daerah Bandung rata-rata memakan waktu 3 jam. Banyak pasien lansia kelelahan menunggu. Sistem pendaftaran manual sering menyebabkan data hilang. [SEP] [NOBLE PURPOSE] Meningkatkan akses kesehatan masyarakat yang manusiawi dan efisien melalui teknologi, serta mengurangi beban administrasi tenaga medis. [SEP] [KONSUMEN] Target utama adalah pasien BPJS di area urban Bandung Raya usia 20-50 tahun yang tech-savvy, serta lansia yang didampingi keluarga. [SEP] [PRODUK INOVATIF] Aplikasi AntriSehat menggunakan algoritma estimasi waktu real-time dan integrasi NIK untuk rekam medis sederhana. Fitur notifikasi WA otomatis. [SEP] [STRATEGI PEMASARAN] Kerjasama B2G dengan Dinas Kesehatan Kota Bandung, promosi via puskesmas, dan iklan Facebook Ads menargetkan keluarga muda. [SEP] [SUMBER DAYA] Tim terdiri dari 1 Fullstack Dev Ex-Tokopedia , 1 Dokter Umum sebagai advisor medis, dan 1 UI UX Designer. [SEP] [KEUANGAN NARRATIVE] Proyeksi pendapatan dari biaya langganan klinik swasta Rp 500rb bulan. Burn rate saat ini Rp 5jt bulan. [SEP] [RAB NARRATIVE] Dana 50 juta akan digunakan untuk sewa cloud server 20 , gaji developer paruh waktu 50 , dan marketing offline 30 .",100.0,100.0,100.0,28.7,58.449999999999996,37.7,0.0,14.285714285714285,0.0,33.0,65.0,42.0,30,45,30,40.19,56.76,43.34,2.01,48.25,4.33,54.59,Perlu Review Manual,2025-12-16 11:08:48,1
2,2,Meningkatnya obesitas di kalangan mahasiswa karena konsumsi junk food murah. Sulit mencari makanan sehat yang ramah kantong mahasiswa.,Menyediakan makanan bergizi seimbang dengan harga terjangkau untuk menciptakan generasi muda yang lebih sehat.,"Mahasiswa universitas di Jatinangor dan Bandung, serta pekerja kantoran entry-level yang sadar kesehatan.",Catering SaladIn Aja dengan dressing rendah kalori buatan sendiri. Kemasan biodegradable dari singkong.,"Bundling paket mingguan diskon 10 , kolaborasi dengan himpunan mahasiswa, dan paid promote akun kuliner Bandung.","Dapur produksi milik sendiri, 2 juru masak berpengalaman, dan armada pengiriman motor listrik.","HPP per porsi Rp 12.000, harga jual Rp 20.000. Profit margin 40 . Rata-rata penjualan 50 porsi hari.",Dana hibah untuk pembelian chiller kapasitas besar 10jt dan sewa ruko dekat kampus 15jt .,Success,"[LATAR BELAKANG] Meningkatnya obesitas di kalangan mahasiswa karena konsumsi junk food murah. Sulit mencari makanan sehat yang ramah kantong mahasiswa. [SEP] [NOBLE PURPOSE] Menyediakan makanan bergizi seimbang dengan harga terjangkau untuk menciptakan generasi muda yang lebih sehat. [SEP] [KONSUMEN] Mahasiswa universitas di Jatinangor dan Bandung, serta pekerja kantoran entry-level yang sadar kesehatan. [SEP] [PRODUK INOVATIF] Catering SaladIn Aja dengan dressing rendah kalori buatan sendiri. Kemasan biodegradable dari singkong. [SEP] [STRATEGI PEMASARAN] Bundling paket mingguan diskon 10 , kolaborasi dengan himpunan mahasiswa, dan paid promote akun kuliner Bandung. [SEP] [SUMBER DAYA] Dapur produksi milik sendiri, 2 juru masak berpengalaman, dan armada pengiriman motor listrik. [SEP] [KEUANGAN NARRATIVE] HPP per porsi Rp 12.000, harga jual Rp 20.000. Profit margin 40 . Rata-rata penjualan 50 porsi hari. [SEP] [RAB NARRATIVE] Dana hibah untuk pembelian chiller kapasitas besar 10jt dan sewa ruko dekat kampus 15jt .",100.0,100.0,100.0,27.3,51.45,35.25,0.0,6.122448979591836,0.0,0.0,80.0,36.0,30,75,30,34.96,60.07,41.95,1.75,51.06,4.2,57.01,Perlu Review Manual,2025-12-16 11:08:48,2
3,3,Orang malas mencuci sepatu sendiri karena sibuk bekerja. Sepatu branded butuh perawatan khusus agar tidak rusak.,Membantu orang tampil percaya diri dengan alas kaki yang bersih dan terawat.,Mahasiswa yang aktif organisasi dan karyawan swasta di area Dago.,Jasa cuci sepatu DeepClean menggunakan sabun organik premium yang tidak merusak lem sepatu. Garansi cuci ulang jika tidak bersih.,"Instagram ads menargetkan interest sneakerhead, serta brosur fisik di kos-kosan eksklusif.",Saya sendiri sebagai owner sertifikasi shoe care dan 1 karyawan part-time admin medsos.,Omzet rata-rata 3 juta per bulan dengan profit bersih 1.5 juta.,Butuh modal untuk beli mesin pengering sepatu khusus UV Sterilizer dan stok sabun premium import.,Success,"[LATAR BELAKANG] Orang malas mencuci sepatu sendiri karena sibuk bekerja. Sepatu branded butuh perawatan khusus agar tidak rusak. [SEP] [NOBLE PURPOSE] Membantu orang tampil percaya diri dengan alas kaki yang bersih dan terawat. [SEP] [KONSUMEN] Mahasiswa yang aktif organisasi dan karyawan swasta di area Dago. [SEP] [PRODUK INOVATIF] Jasa cuci sepatu DeepClean menggunakan sabun organik premium yang tidak merusak lem sepatu. Garansi cuci ulang jika tidak bersih. [SEP] [STRATEGI PEMASARAN] Instagram ads menargetkan interest sneakerhead, serta brosur fisik di kos-kosan eksklusif. [SEP] [SUMBER DAYA] Saya sendiri sebagai owner sertifikasi shoe care dan 1 karyawan part-time admin medsos. [SEP] [KEUANGAN NARRATIVE] Omzet rata-rata 3 juta per bulan dengan profit bersih 1.5 juta. [SEP] [RAB NARRATIVE] Butuh modal untuk beli mesin pengering sepatu khusus UV Sterilizer dan stok sabun premium import.",100.0,100.0,100.0,26.6,47.599999999999994,35.25,0.0,4.081632653061225,12.5,0.0,57.0,0.0,30,45,30,34.82,50.84,39.67,1.74,43.21,3.97,48.92,Ditolak,2025-12-16 11:08:48,3
4,4,Tanah pertanian di Lembang makin kritis akibat penggunaan pupuk kimia berlebih. Produktivitas panen menurun 20 dalam 5 tahun terakhir.,Mengembalikan kesuburan tanah ibu pertiwi dan meningkatkan pendapatan petani melalui pertanian berkelanjutan.,Petani sayur hortikultura di Jawa Barat dan komunitas urban farming perumahan.,"Pupuk cair hayati SuburMax hasil fermentasi limbah sayur pasar, mengandung mikroba pengurai yang mempercepat masa panen.","Penyuluhan gratis ke kelompok tani Gapoktan , demo plot pertanian, dan penjualan via marketplace TaniHub.",Kerjasama dengan lab tanah IPB untuk QC. Akses ke 5 ton limbah sayur per hari dari Pasar Caringin.,"Biaya produksi Rp 5.000 liter, dijual Rp 25.000 liter ke agen. Potensi pasar Rp 2 Miliar per tahun di Bandung Barat.","RAB 100 juta 40 mesin pencacah limbah, 30 tong fermentasi, 30 biaya operasional awal.",Success,"[LATAR BELAKANG] Tanah pertanian di Lembang makin kritis akibat penggunaan pupuk kimia berlebih. Produktivitas panen menurun 20 dalam 5 tahun terakhir. [SEP] [NOBLE PURPOSE] Mengembalikan kesuburan tanah ibu pertiwi dan meningkatkan pendapatan petani melalui pertanian berkelanjutan. [SEP] [KONSUMEN] Petani sayur hortikultura di Jawa Barat dan komunitas urban farming perumahan. [SEP] [PRODUK INOVATIF] Pupuk cair hayati SuburMax hasil fermentasi limbah sayur pasar, mengandung mikroba pengurai yang mempercepat masa panen. [SEP] [STRATEGI PEMASARAN] Penyuluhan gratis ke kelompok tani Gapoktan , demo plot pertanian, dan penjualan via marketplace TaniHub. [SEP] [SUMBER DAYA] Kerjasama dengan lab tanah IPB untuk QC. Akses ke 5 ton limbah sayur per hari dari Pasar Caringin. [SEP] [KEUANGAN NARRATIVE] Biaya produksi Rp 5.000 liter, dijual Rp 25.000 liter ke agen. Potensi pasar Rp 2 Miliar per tahun di Bandung Barat. [SEP] [RAB NARRATIVE] RAB 100 juta 40 mesin pencacah limbah, 30 tong fermentasi, 30 biaya operasional awal.",100.0,100.0,100.0,27.65,53.55,25.9,0.0,4.081632653061225,25.0,36.0,80.0,42.0,30,45,30,40.43,55.48,47.23,2.02,47.16,4.72,53.9,Perlu Review Manual,2025-12-16 11:08:48,4
5,5,Banyak limbah kain perca dari konveksi yang dibuang sembarangan dan mencemari lingkungan.,Mengurangi limbah tekstil dengan mengubahnya menjadi produk bernilai guna tinggi.,Anak muda usia 18-25 tahun yang suka fashion unik dan peduli lingkungan.,Tas totebag dan pouch dari kain perca dengan desain patchwork yang estetik dan limited edition.,Jual di Instagram dan TikTok Shop dengan konten behind the scene pembuatan produk.,Mesin jahit satu buah dan kemampuan menjahit dasar.,Belum ada laporan keuangan detail karena baru mulai jualan ke teman dekat.,"Beli kain perca karungan, benang, dan jarum jahit.",Partial,"[LATAR BELAKANG] Banyak limbah kain perca dari konveksi yang dibuang sembarangan dan mencemari lingkungan. [SEP] [NOBLE PURPOSE] Mengurangi limbah tekstil dengan mengubahnya menjadi produk bernilai guna tinggi. [SEP] [KONSUMEN] Anak muda usia 18-25 tahun yang suka fashion unik dan peduli lingkungan. [SEP] [PRODUK INOVATIF] Tas totebag dan pouch dari kain perca dengan desain patchwork yang estetik dan limited edition. [SEP] [STRATEGI PEMASARAN] Jual di Instagram dan TikTok Shop dengan konten behind the scene pembuatan produk. [SEP] [SUMBER DAYA] Mesin jahit satu buah dan kemampuan menjahit dasar. [SEP] [KEUANGAN NARRATIVE] Belum ada laporan keuangan detail karena baru mulai jualan ke teman dekat. [SEP] [RAB NARRATIVE] Beli kain perca karungan, benang, dan jarum jahit.",100.0,100.0,0.0,25.2,45.5,23.8,0.0,8.16326530612245,0.0,0.0,36.0,0.0,30,45,30,34.54,48.29,9.26,1.73,41.05,0.93,43.71,Ditolak,2025-12-16 11:08:48,5
6,6,Pemborosan listrik rumah tangga sering terjadi karena lupa mematikan lampu atau AC. Tagihan listrik membengkak.,Mewujudkan gaya hidup hemat energi dan ramah lingkungan melalui teknologi pintar.,Pemilik rumah di komplek perumahan modern dan pemilik kos-kosan.,Perangkat IoT SmartSwitch yang bisa mengontrol saklar lampu via HP dari jarak jauh. Dilengkapi sensor gerak.,"Penjualan langsung via Tokopedia dan Shopee, serta demo produk di pameran properti.",Tim 3 orang mahasiswa Teknik Elektro UNIKOM. Sudah punya prototype 3D print.,"Estimasi HPP Rp 50.000 per device, harga jual Rp 150.000.",Dana untuk produksi massal molding casing plastik dan pembelian komponen mikrokontroler ESP8266.,Success,"[LATAR BELAKANG] Pemborosan listrik rumah tangga sering terjadi karena lupa mematikan lampu atau AC. Tagihan listrik membengkak. [SEP] [NOBLE PURPOSE] Mewujudkan gaya hidup hemat energi dan ramah lingkungan melalui teknologi pintar. [SEP] [KONSUMEN] Pemilik rumah di komplek perumahan modern dan pemilik kos-kosan. [SEP] [PRODUK INOVATIF] Perangkat IoT SmartSwitch yang bisa mengontrol saklar lampu via HP dari jarak jauh. Dilengkapi sensor gerak. [SEP] [STRATEGI PEMASARAN] Penjualan langsung via Tokopedia dan Shopee, serta demo produk di pameran properti. [SEP] [SUMBER DAYA] Tim 3 orang mahasiswa Teknik Elektro UNIKOM. Sudah punya prototype 3D print. [SEP] [KEUANGAN NARRATIVE] Estimasi HPP Rp 50.000 per device, harga jual Rp 150.000. [SEP] [RAB NARRATIVE] Dana untuk produksi massal molding casing plastik dan pembelian komponen mikrokontroler ESP8266.",100.0,100.0,100.0,26.25,45.5,25.2,0.0,8.16326530612245,0.0,0.0,80.0,33.0,30,45,30,34.75,54.89,39.49,1.74,46.66,3.95,52.35,Perlu Review Manual,2025-12-16 11:08:48,6
7,7,Mahasiswa sering kesulitan mencari teman belajar atau mentor sebaya untuk mata kuliah sulit.,Meningkatkan kualitas akademik mahasiswa melalui kolaborasi peer-to-peer.,Mahasiswa tingkat awal yang kesulitan adaptasi akademik.,"Platform TutorKuy , marketplace jasa tutor sebaya. Mahasiswa pintar bisa dapat uang saku tambahan.",Promosi lewat BEM dan Himpunan Mahasiswa. Diskon referral kode teman.,Founder bisa coding web ReactJS . Butuh co-founder marketing.,Monetisasi dari potongan 10 setiap transaksi booking tutor.,Sewa server AWS dan biaya marketing awal untuk bakar uang promo user baru .,Success,"[LATAR BELAKANG] Mahasiswa sering kesulitan mencari teman belajar atau mentor sebaya untuk mata kuliah sulit. [SEP] [NOBLE PURPOSE] Meningkatkan kualitas akademik mahasiswa melalui kolaborasi peer-to-peer. [SEP] [KONSUMEN] Mahasiswa tingkat awal yang kesulitan adaptasi akademik. [SEP] [PRODUK INOVATIF] Platform TutorKuy , marketplace jasa tutor sebaya. Mahasiswa pintar bisa dapat uang saku tambahan. [SEP] [STRATEGI PEMASARAN] Promosi lewat BEM dan Himpunan Mahasiswa. Diskon referral kode teman. [SEP] [SUMBER DAYA] Founder bisa coding web ReactJS . Butuh co-founder marketing. [SEP] [KEUANGAN NARRATIVE] Monetisasi dari potongan 10 setiap transaksi booking tutor. [SEP] [RAB NARRATIVE] Sewa server AWS dan biaya marketing awal untuk bakar uang promo user baru .",100.0,100.0,100.0,25.55,40.25,25.9,0.0,8.16326530612245,12.5,0.0,33.0,0.0,30,45,30,34.61,46.79,37.8,1.73,39.77,3.78,45.28,Ditolak,2025-12-16 11:08:48,7
8,8,Banyak UMKM kuliner bangkrut karena tidak bisa mengelola keuangan. Pencatatan manual sering salah hitung.,Membantu UMKM naik kelas dengan manajemen keuangan yang rapi dan akuntabel.,"Pemilik warung makan, cafe kecil, dan pedagang pasar.",Aplikasi Kasir WarungPintar dengan fitur AI yang bisa memprediksi stok bahan baku habis.,Direct sales mendatangi sentra kuliner dan memberikan trial gratis 1 bulan.,"Tim terdiri dari hacker IT , hipster Desain , dan hustler Bisnis .",Belum ada revenue. Fokus akuisisi user dulu.,Biaya operasional tim selama 6 bulan pengembangan produk.,Success,"[LATAR BELAKANG] Banyak UMKM kuliner bangkrut karena tidak bisa mengelola keuangan. Pencatatan manual sering salah hitung. [SEP] [NOBLE PURPOSE] Membantu UMKM naik kelas dengan manajemen keuangan yang rapi dan akuntabel. [SEP] [KONSUMEN] Pemilik warung makan, cafe kecil, dan pedagang pasar. [SEP] [PRODUK INOVATIF] Aplikasi Kasir WarungPintar dengan fitur AI yang bisa memprediksi stok bahan baku habis. [SEP] [STRATEGI PEMASARAN] Direct sales mendatangi sentra kuliner dan memberikan trial gratis 1 bulan. [SEP] [SUMBER DAYA] Tim terdiri dari hacker IT , hipster Desain , dan hustler Bisnis . [SEP] [KEUANGAN NARRATIVE] Belum ada revenue. Fokus akuisisi user dulu. [SEP] [RAB NARRATIVE] Biaya operasional tim selama 6 bulan pengembangan produk.",100.0,83.33333333333334,100.0,25.9,43.05,23.8,0.0,6.122448979591836,25.0,0.0,33.0,33.0,30,45,30,34.68,42.67,45.46,1.73,36.27,4.55,42.55,Ditolak,2025-12-16 11:08:48,8
9,9,Sampah plastik botol minum menumpuk di area kampus. Tempat sampah sering penuh dan tidak terpilah.,Menciptakan lingkungan kampus zero waste.,Civitas akademika kampus.,"Reverse Vending Machine RVM buatan lokal. Masukkan botol plastik, keluar saldo e-wallet.",Kerjasama dengan pihak kampus untuk penempatan mesin di kantin.,Kami punya desain mekanik mesin. Belum ada prototype fungsi penuh.,Pendapatan dari penjualan cacahan plastik ke pabrik daur ulang.,Pembuatan 1 unit prototype mesin RVM membutuhkan biaya 20 juta.,Success,"[LATAR BELAKANG] Sampah plastik botol minum menumpuk di area kampus. Tempat sampah sering penuh dan tidak terpilah. [SEP] [NOBLE PURPOSE] Menciptakan lingkungan kampus zero waste. [SEP] [KONSUMEN] Civitas akademika kampus. [SEP] [PRODUK INOVATIF] Reverse Vending Machine RVM buatan lokal. Masukkan botol plastik, keluar saldo e-wallet. [SEP] [STRATEGI PEMASARAN] Kerjasama dengan pihak kampus untuk penempatan mesin di kantin. [SEP] [SUMBER DAYA] Kami punya desain mekanik mesin. Belum ada prototype fungsi penuh. [SEP] [KEUANGAN NARRATIVE] Pendapatan dari penjualan cacahan plastik ke pabrik daur ulang. [SEP] [RAB NARRATIVE] Pembuatan 1 unit prototype mesin RVM membutuhkan biaya 20 juta.",100.0,66.66666666666666,100.0,26.25,37.8,24.5,0.0,2.0408163265306123,12.5,0.0,0.0,36.0,30,45,30,34.75,31.49,42.92,1.74,26.77,4.29,32.8,Ditolak,2025-12-16 11:08:48,9
10,10,Susah cari tukang servis elektronik yang terpercaya dan transparan harganya. Sering ditipu ganti sparepart palsu.,Memberikan rasa aman dan nyaman bagi masyarakat yang membutuhkan perbaikan elektronik.,Ibu rumah tangga dan anak kos yang tidak paham teknis elektronik.,"Platform ServisIn , on-demand service untuk perbaikan AC, Kulkas, TV. Teknisi terverifikasi SKCK.",Iklan Google Search untuk kata kunci servis AC Bandung .,Database 50 teknisi mitra di Bandung.,Bagi hasil 80 20 dengan mitra teknisi.,Pengembangan aplikasi Android untuk mitra dan user.,Success,"[LATAR BELAKANG] Susah cari tukang servis elektronik yang terpercaya dan transparan harganya. Sering ditipu ganti sparepart palsu. [SEP] [NOBLE PURPOSE] Memberikan rasa aman dan nyaman bagi masyarakat yang membutuhkan perbaikan elektronik. [SEP] [KONSUMEN] Ibu rumah tangga dan anak kos yang tidak paham teknis elektronik. [SEP] [PRODUK INOVATIF] Platform ServisIn , on-demand service untuk perbaikan AC, Kulkas, TV. Teknisi terverifikasi SKCK. [SEP] [STRATEGI PEMASARAN] Iklan Google Search untuk kata kunci servis AC Bandung . [SEP] [SUMBER DAYA] Database 50 teknisi mitra di Bandung. [SEP] [KEUANGAN NARRATIVE] Bagi hasil 80 20 dengan mitra teknisi. [SEP] [RAB NARRATIVE] Pengembangan aplikasi Android untuk mitra dan user.",100.0,66.66666666666666,100.0,26.25,41.3,23.45,0.0,4.081632653061225,0.0,0.0,39.0,0.0,30,45,30,34.75,38.55,34.19,1.74,32.77,3.42,37.93,Ditolak,2025-12-16 11:08:48,10
11,11,Kebutuhan protein tinggi untuk olahragawan biasanya mahal whey protein .,Menyediakan alternatif protein murah dan ramah lingkungan.,Member gym dan komunitas calisthenics.,"Bar protein dari tepung jangkrik Cricket Flour . Tinggi protein, rendah lemak.",Endorsement influencer fitness lokal dan sampling di gym.,Kerjasama dengan peternak jangkrik di Cirebon.,"HPP Rp 5.000, Jual Rp 15.000. Margin tinggi.",Sewa alat oven dan kemasan foil printing.,Success,"[LATAR BELAKANG] Kebutuhan protein tinggi untuk olahragawan biasanya mahal whey protein . [SEP] [NOBLE PURPOSE] Menyediakan alternatif protein murah dan ramah lingkungan. [SEP] [KONSUMEN] Member gym dan komunitas calisthenics. [SEP] [PRODUK INOVATIF] Bar protein dari tepung jangkrik Cricket Flour . Tinggi protein, rendah lemak. [SEP] [STRATEGI PEMASARAN] Endorsement influencer fitness lokal dan sampling di gym. [SEP] [SUMBER DAYA] Kerjasama dengan peternak jangkrik di Cirebon. [SEP] [KEUANGAN NARRATIVE] HPP Rp 5.000, Jual Rp 15.000. Margin tinggi. [SEP] [RAB NARRATIVE] Sewa alat oven dan kemasan foil printing.",100.0,50.0,0.0,24.5,37.099999999999994,23.45,12.5,4.081632653061225,0.0,0.0,77.0,0.0,30,75,30,37.52,43.74,9.19,1.88,37.18,0.92,39.98,Ditolak,2025-12-16 11:08:48,11
12,12,Sering kehabisan baterai HP saat di luar tapi malas bawa powerbank berat.,Memastikan semua orang tetap terkoneksi tanpa takut lowbat.,Wisatawan dan pejalan kaki di area Braga Asia Afrika.,"Vending machine sewa powerbank PowerRent . Scan QR, ambil powerbank, kembalikan di stasiun mana saja.",Penempatan mesin di cafe hits dan stasiun kereta.,Tim teknis hardware dan backend developer.,Sewa Rp 5.000 per jam.,Impor mesin vending dari China dan modifikasi software.,Success,"[LATAR BELAKANG] Sering kehabisan baterai HP saat di luar tapi malas bawa powerbank berat. [SEP] [NOBLE PURPOSE] Memastikan semua orang tetap terkoneksi tanpa takut lowbat. [SEP] [KONSUMEN] Wisatawan dan pejalan kaki di area Braga Asia Afrika. [SEP] [PRODUK INOVATIF] Vending machine sewa powerbank PowerRent . Scan QR, ambil powerbank, kembalikan di stasiun mana saja. [SEP] [STRATEGI PEMASARAN] Penempatan mesin di cafe hits dan stasiun kereta. [SEP] [SUMBER DAYA] Tim teknis hardware dan backend developer. [SEP] [KEUANGAN NARRATIVE] Sewa Rp 5.000 per jam. [SEP] [RAB NARRATIVE] Impor mesin vending dari China dan modifikasi software.",100.0,50.0,100.0,25.2,38.849999999999994,23.8,0.0,2.0408163265306123,0.0,0.0,71.0,0.0,30,45,30,34.54,38.18,34.26,1.73,32.45,3.43,37.61,Ditolak,2025-12-16 11:08:48,12
13,13,Anak-anak zaman sekarang kecanduan gadget dan kurang gerak. Mainan tradisional mulai punah.,Melestarikan budaya bermain tradisional sekaligus menyehatkan fisik anak.,Orang tua milenial yang khawatir screen-time anak.,"Kit mainan tradisional Egrang, Gasing dengan sentuhan desain modern dan warna pop.",Pameran mainan anak dan workshop di sekolah TK SD.,Pengrajin kayu lokal di Jatinangor.,"Penjualan 100 paket per bulan, omzet 15 juta.",Stok bahan baku kayu albasia dan cat non-toxic.,Success,"[LATAR BELAKANG] Anak-anak zaman sekarang kecanduan gadget dan kurang gerak. Mainan tradisional mulai punah. [SEP] [NOBLE PURPOSE] Melestarikan budaya bermain tradisional sekaligus menyehatkan fisik anak. [SEP] [KONSUMEN] Orang tua milenial yang khawatir screen-time anak. [SEP] [PRODUK INOVATIF] Kit mainan tradisional Egrang, Gasing dengan sentuhan desain modern dan warna pop. [SEP] [STRATEGI PEMASARAN] Pameran mainan anak dan workshop di sekolah TK SD. [SEP] [SUMBER DAYA] Pengrajin kayu lokal di Jatinangor. [SEP] [KEUANGAN NARRATIVE] Penjualan 100 paket per bulan, omzet 15 juta. [SEP] [RAB NARRATIVE] Stok bahan baku kayu albasia dan cat non-toxic.",100.0,33.33333333333333,0.0,25.2,38.15,23.8,0.0,2.0408163265306123,0.0,0.0,36.0,0.0,30,45,30,34.54,28.62,9.26,1.73,24.33,0.93,26.99,Ditolak,2025-12-16 11:08:48,13
14,14,Banyak baju pesta atau jas wisuda yang hanya dipakai sekali lalu menumpuk di lemari.,Mengurangi limbah fashion fast fashion dengan konsep sharing economy.,Mahasiswa tingkat akhir dan tamu undangan pernikahan.,"Platform sewa baju RentStyle . Bisa sewa H-3, laundry ditanggung kami.",Instagram feeds katalog baju dan kerjasama dengan MUA.,Stok awal 50 kebaya dan 30 jas pria. Ruang penyimpanan di garasi rumah.,Harga sewa 150rb-300rb 3 hari. Balik modal estimasi 8 bulan.,Beli stok baju baru dan biaya dry cleaning rutin.,Success,"[LATAR BELAKANG] Banyak baju pesta atau jas wisuda yang hanya dipakai sekali lalu menumpuk di lemari. [SEP] [NOBLE PURPOSE] Mengurangi limbah fashion fast fashion dengan konsep sharing economy. [SEP] [KONSUMEN] Mahasiswa tingkat akhir dan tamu undangan pernikahan. [SEP] [PRODUK INOVATIF] Platform sewa baju RentStyle . Bisa sewa H-3, laundry ditanggung kami. [SEP] [STRATEGI PEMASARAN] Instagram feeds katalog baju dan kerjasama dengan MUA. [SEP] [SUMBER DAYA] Stok awal 50 kebaya dan 30 jas pria. Ruang penyimpanan di garasi rumah. [SEP] [KEUANGAN NARRATIVE] Harga sewa 150rb-300rb 3 hari. Balik modal estimasi 8 bulan. [SEP] [RAB NARRATIVE] Beli stok baju baru dan biaya dry cleaning rutin.",100.0,100.0,0.0,25.9,41.3,24.15,0.0,2.0408163265306123,12.5,0.0,45.0,0.0,30,45,30,34.68,47.27,12.46,1.73,40.18,1.25,43.16,Ditolak,2025-12-16 11:08:48,14
15,15,Petani lele sering rugi karena harga pakan pabrikan naik terus. Lele kanibal karena telat makan.,Mensejahterakan petani lele dengan teknologi tepat guna.,Petani lele kolam terpal.,Automatic Feeder LeleFeed berbasis IoT. Jadwal pakan bisa diatur via HP. Hemat pakan 20 .,Demo alat di kelompok tani perikanan.,Mahasiswa teknik mesin dan informatika.,Harga alat 1.5 juta.,Riset dan pengembangan casing alat tahan air.,Success,[LATAR BELAKANG] Petani lele sering rugi karena harga pakan pabrikan naik terus. Lele kanibal karena telat makan. [SEP] [NOBLE PURPOSE] Mensejahterakan petani lele dengan teknologi tepat guna. [SEP] [KONSUMEN] Petani lele kolam terpal. [SEP] [PRODUK INOVATIF] Automatic Feeder LeleFeed berbasis IoT. Jadwal pakan bisa diatur via HP. Hemat pakan 20 . [SEP] [STRATEGI PEMASARAN] Demo alat di kelompok tani perikanan. [SEP] [SUMBER DAYA] Mahasiswa teknik mesin dan informatika. [SEP] [KEUANGAN NARRATIVE] Harga alat 1.5 juta. [SEP] [RAB NARRATIVE] Riset dan pengembangan casing alat tahan air.,100.0,33.33333333333333,0.0,26.25,35.35,23.45,0.0,2.0408163265306123,0.0,0.0,54.0,0.0,30,45,30,34.75,30.76,9.19,1.74,26.15,0.92,28.81,Ditolak,2025-12-16 11:08:48,15
16,16,Susah mencari kos-kosan yang sesuai budget dan fasilitas tanpa harus keliling survei manual.,Memudahkan perantau mendapatkan hunian yang layak dan aman.,Mahasiswa baru luar kota.,Web InfoKos Jatinangor dengan fitur Virtual Tour 360 derajat kamar kos.,SEO Google dan kerjasama dengan pemilik kos.,Kamera 360 dan skill web development.,Biaya listing premium dari pemilik kos.,Beli kamera 360 yang lebih bagus resolusinya.,Success,[LATAR BELAKANG] Susah mencari kos-kosan yang sesuai budget dan fasilitas tanpa harus keliling survei manual. [SEP] [NOBLE PURPOSE] Memudahkan perantau mendapatkan hunian yang layak dan aman. [SEP] [KONSUMEN] Mahasiswa baru luar kota. [SEP] [PRODUK INOVATIF] Web InfoKos Jatinangor dengan fitur Virtual Tour 360 derajat kamar kos. [SEP] [STRATEGI PEMASARAN] SEO Google dan kerjasama dengan pemilik kos. [SEP] [SUMBER DAYA] Kamera 360 dan skill web development. [SEP] [KEUANGAN NARRATIVE] Biaya listing premium dari pemilik kos. [SEP] [RAB NARRATIVE] Beli kamera 360 yang lebih bagus resolusinya.,100.0,33.33333333333333,0.0,25.55,35.7,23.45,0.0,4.081632653061225,0.0,0.0,36.0,33.0,30,45,30,34.61,28.64,14.14,1.73,24.34,1.41,27.48,Ditolak,2025-12-16 11:08:48,16
17,17,Banyak UMKM yang tidak punya budget sewa desainer grafis mahal untuk konten medsos.,Membantu visual branding UMKM agar terlihat profesional.,UMKM kuliner dan fashion.,Layanan desain grafis langganan DesainKilat . 500rb bulan dapat 15 desain feeds.,Ads Instagram target admin olshop.,2 orang desainer grafis lulusan DKV.,Omzet 5 juta bulan lalu.,Upgrade PC spec tinggi untuk render cepat.,Success,[LATAR BELAKANG] Banyak UMKM yang tidak punya budget sewa desainer grafis mahal untuk konten medsos. [SEP] [NOBLE PURPOSE] Membantu visual branding UMKM agar terlihat profesional. [SEP] [KONSUMEN] UMKM kuliner dan fashion. [SEP] [PRODUK INOVATIF] Layanan desain grafis langganan DesainKilat . 500rb bulan dapat 15 desain feeds. [SEP] [STRATEGI PEMASARAN] Ads Instagram target admin olshop. [SEP] [SUMBER DAYA] 2 orang desainer grafis lulusan DKV. [SEP] [KEUANGAN NARRATIVE] Omzet 5 juta bulan lalu. [SEP] [RAB NARRATIVE] Upgrade PC spec tinggi untuk render cepat.,100.0,33.33333333333333,0.0,25.55,34.65,23.45,0.0,2.0408163265306123,0.0,0.0,42.0,0.0,30,45,30,34.61,28.82,9.19,1.73,24.5,0.92,27.15,Ditolak,2025-12-16 11:08:48,17
18,18,Sampah minyak jelantah dibuang ke selokan bikin mampet dan mencemari air.,Mengubah limbah jadi berkah energi terbarukan.,Ibu rumah tangga pengumpul jelantah.,Lilin aromaterapi dari olahan minyak jelantah yang sudah dimurnikan.,Titip jual di toko souvenir dan hampers nikahan.,Alat penyaring minyak sederhana.,HPP sangat rendah karena bahan baku gratis murah.,Beli essential oil dan wadah kaca estetik.,Success,[LATAR BELAKANG] Sampah minyak jelantah dibuang ke selokan bikin mampet dan mencemari air. [SEP] [NOBLE PURPOSE] Mengubah limbah jadi berkah energi terbarukan. [SEP] [KONSUMEN] Ibu rumah tangga pengumpul jelantah. [SEP] [PRODUK INOVATIF] Lilin aromaterapi dari olahan minyak jelantah yang sudah dimurnikan. [SEP] [STRATEGI PEMASARAN] Titip jual di toko souvenir dan hampers nikahan. [SEP] [SUMBER DAYA] Alat penyaring minyak sederhana. [SEP] [KEUANGAN NARRATIVE] HPP sangat rendah karena bahan baku gratis murah. [SEP] [RAB NARRATIVE] Beli essential oil dan wadah kaca estetik.,100.0,16.666666666666664,0.0,24.85,35.0,23.45,0.0,2.0408163265306123,0.0,0.0,0.0,0.0,30,45,30,34.47,18.43,9.19,1.72,15.67,0.92,18.31,Ditolak,2025-12-16 11:08:48,18
19,19,Bahasa daerah Sunda mulai ditinggalkan generasi Z.,Melestarikan bahasa ibu lewat teknologi yang menyenangkan.,Siswa SD-SMP di Jawa Barat.,Game edukasi RPG Petualangan Si Kabayan dengan dialog full Bahasa Sunda.,Roadshow ke sekolah-sekolah dasar.,Game developer unity engine.,Jual item dalam game IAP dan versi premium tanpa iklan.,Licensi software Unity dan aset grafis 2D.,Success,[LATAR BELAKANG] Bahasa daerah Sunda mulai ditinggalkan generasi Z. [SEP] [NOBLE PURPOSE] Melestarikan bahasa ibu lewat teknologi yang menyenangkan. [SEP] [KONSUMEN] Siswa SD-SMP di Jawa Barat. [SEP] [PRODUK INOVATIF] Game edukasi RPG Petualangan Si Kabayan dengan dialog full Bahasa Sunda. [SEP] [STRATEGI PEMASARAN] Roadshow ke sekolah-sekolah dasar. [SEP] [SUMBER DAYA] Game developer unity engine. [SEP] [KEUANGAN NARRATIVE] Jual item dalam game IAP dan versi premium tanpa iklan. [SEP] [RAB NARRATIVE] Licensi software Unity dan aset grafis 2D.,0.0,50.0,0.0,23.45,35.35,23.45,0.0,2.0408163265306123,0.0,0.0,0.0,33.0,30,45,30,9.19,26.83,14.14,0.46,22.81,1.41,24.68,Ditolak,2025-12-16 11:08:48,19
20,20,Antri cuci motor lama banget pas musim hujan.,Memberikan efisiensi waktu bagi pengendara motor.,Ojek online dan pekerja kantoran.,Cuci motor robotik RoboWash . 5 menit selesai otomatis.,Lokasi strategis pinggir jalan raya pulang kerja.,Teknisi mesin hidrolik.,Tarif 15rb per motor.,Investasi mesin cuci motor otomatis mahal di awal .,Success,[LATAR BELAKANG] Antri cuci motor lama banget pas musim hujan. [SEP] [NOBLE PURPOSE] Memberikan efisiensi waktu bagi pengendara motor. [SEP] [KONSUMEN] Ojek online dan pekerja kantoran. [SEP] [PRODUK INOVATIF] Cuci motor robotik RoboWash . 5 menit selesai otomatis. [SEP] [STRATEGI PEMASARAN] Lokasi strategis pinggir jalan raya pulang kerja. [SEP] [SUMBER DAYA] Teknisi mesin hidrolik. [SEP] [KEUANGAN NARRATIVE] Tarif 15rb per motor. [SEP] [RAB NARRATIVE] Investasi mesin cuci motor otomatis mahal di awal .,0.0,16.666666666666664,100.0,23.8,32.9,24.15,0.0,2.0408163265306123,12.5,0.0,36.0,0.0,30,45,30,9.26,23.41,37.46,0.46,19.9,3.75,24.11,Ditolak,2025-12-16 11:08:48,20
21,21,Banyak kucing liar yang tidak terawat dan kelaparan di jalanan.,Menciptakan ekosistem ramah hewan di perkotaan.,Pecinta kucing Cat Lovers .,Aplikasi StreetFeeding untuk donasi makanan kucing liar. User bisa lapor lokasi kucing butuh makan.,Komunitas pecinta hewan.,Tim developer aplikasi.,Potongan 5 dari donasi terkumpul.,Server dan biaya operasional relawan street feeding.,Success,[LATAR BELAKANG] Banyak kucing liar yang tidak terawat dan kelaparan di jalanan. [SEP] [NOBLE PURPOSE] Menciptakan ekosistem ramah hewan di perkotaan. [SEP] [KONSUMEN] Pecinta kucing Cat Lovers . [SEP] [PRODUK INOVATIF] Aplikasi StreetFeeding untuk donasi makanan kucing liar. User bisa lapor lokasi kucing butuh makan. [SEP] [STRATEGI PEMASARAN] Komunitas pecinta hewan. [SEP] [SUMBER DAYA] Tim developer aplikasi. [SEP] [KEUANGAN NARRATIVE] Potongan 5 dari donasi terkumpul. [SEP] [RAB NARRATIVE] Server dan biaya operasional relawan street feeding.,100.0,16.666666666666664,100.0,24.5,33.6,23.45,0.0,2.0408163265306123,25.0,0.0,33.0,0.0,30,45,30,34.4,23.1,40.44,1.72,19.64,4.04,25.4,Ditolak,2025-12-16 11:08:48,21
22,22,Limbah kulit kopi cascara biasanya dibuang begitu saja.,Zero waste coffee industry.,Penikmat teh dan kopi artisan.,Teh Cascara KopiTeh . Minuman antioksidan tinggi dari kulit kopi.,Pameran kopi dan jual online.,Suplier petani kopi Ciwidey.,Margin profit 50 .,Kemasan pouch ziplock printing.,Success,[LATAR BELAKANG] Limbah kulit kopi cascara biasanya dibuang begitu saja. [SEP] [NOBLE PURPOSE] Zero waste coffee industry. [SEP] [KONSUMEN] Penikmat teh dan kopi artisan. [SEP] [PRODUK INOVATIF] Teh Cascara KopiTeh . Minuman antioksidan tinggi dari kulit kopi. [SEP] [STRATEGI PEMASARAN] Pameran kopi dan jual online. [SEP] [SUMBER DAYA] Suplier petani kopi Ciwidey. [SEP] [KEUANGAN NARRATIVE] Margin profit 50 . [SEP] [RAB NARRATIVE] Kemasan pouch ziplock printing.,100.0,16.666666666666664,0.0,23.8,32.2,22.4,0.0,4.081632653061225,0.0,0.0,33.0,0.0,30,45,30,34.26,23.33,8.98,1.71,19.83,0.9,22.44,Ditolak,2025-12-16 11:08:48,22
23,23,Sering lupa bawa STNK atau SIM saat berkendara.,Digitalisasi dokumen kendaraan yang aman.,Pengendara bermotor.,"Casing HP yang ada slot kartu rahasia di dalamnya, desain custom.",Jual di marketplace.,Mesin cetak casing custom.,Omzet 2 juta.,Stok casing polosan berbagai tipe HP.,Partial,"[LATAR BELAKANG] Sering lupa bawa STNK atau SIM saat berkendara. [SEP] [NOBLE PURPOSE] Digitalisasi dokumen kendaraan yang aman. [SEP] [KONSUMEN] Pengendara bermotor. [SEP] [PRODUK INOVATIF] Casing HP yang ada slot kartu rahasia di dalamnya, desain custom. [SEP] [STRATEGI PEMASARAN] Jual di marketplace. [SEP] [SUMBER DAYA] Mesin cetak casing custom. [SEP] [KEUANGAN NARRATIVE] Omzet 2 juta. [SEP] [RAB NARRATIVE] Stok casing polosan berbagai tipe HP.",0.0,16.666666666666664,0.0,23.8,30.8,23.1,0.0,2.0408163265306123,0.0,0.0,33.0,0.0,30,45,30,9.26,22.54,9.12,0.46,19.16,0.91,20.53,Ditolak,2025-12-16 11:08:48,23
24,24,Kecelakaan motor tinggi karena mengantuk microsleep .,Menyelamatkan nyawa pengendara motor.,Pengendara motor jarak jauh touring.,"Helm pintar WakeUp dengan sensor detak jantung. Jika terdeteksi ngantuk, helm akan bergetar.",Komunitas motor touring.,Riset sensor IoT Arduino.,"Belum dijual, masih riset.",Beli komponen sensor dan helm bahan percobaan.,Success,"[LATAR BELAKANG] Kecelakaan motor tinggi karena mengantuk microsleep . [SEP] [NOBLE PURPOSE] Menyelamatkan nyawa pengendara motor. [SEP] [KONSUMEN] Pengendara motor jarak jauh touring. [SEP] [PRODUK INOVATIF] Helm pintar WakeUp dengan sensor detak jantung. Jika terdeteksi ngantuk, helm akan bergetar. [SEP] [STRATEGI PEMASARAN] Komunitas motor touring. [SEP] [SUMBER DAYA] Riset sensor IoT Arduino. [SEP] [KEUANGAN NARRATIVE] Belum dijual, masih riset. [SEP] [RAB NARRATIVE] Beli komponen sensor dan helm bahan percobaan.",100.0,16.666666666666664,0.0,23.45,32.55,23.45,0.0,0.0,0.0,0.0,0.0,0.0,30,45,30,34.19,17.43,9.19,1.71,14.82,0.92,17.45,Ditolak,2025-12-16 11:08:48,24
25,25,"Cari parkir di mall pas weekend susah banget, muter-muter habisin bensin.",Mengurangi emisi karbon akibat mencari parkir dan menghemat waktu.,Pengunjung mall kota besar.,"Aplikasi booking slot parkir mall. Bayar di muka, slot dijagain.",Kerjasama dengan pengelola parkir Secure Parking dll .,Backend system terintegrasi gate parkir.,Biaya admin Rp 2.000 per booking.,Integrasi sistem gate barrier.,Success,"[LATAR BELAKANG] Cari parkir di mall pas weekend susah banget, muter-muter habisin bensin. [SEP] [NOBLE PURPOSE] Mengurangi emisi karbon akibat mencari parkir dan menghemat waktu. [SEP] [KONSUMEN] Pengunjung mall kota besar. [SEP] [PRODUK INOVATIF] Aplikasi booking slot parkir mall. Bayar di muka, slot dijagain. [SEP] [STRATEGI PEMASARAN] Kerjasama dengan pengelola parkir Secure Parking dll . [SEP] [SUMBER DAYA] Backend system terintegrasi gate parkir. [SEP] [KEUANGAN NARRATIVE] Biaya admin Rp 2.000 per booking. [SEP] [RAB NARRATIVE] Integrasi sistem gate barrier.",100.0,50.0,0.0,24.85,35.7,22.4,0.0,4.081632653061225,0.0,0.0,71.0,0.0,30,45,30,34.47,38.06,8.98,1.72,32.35,0.9,34.97,Ditolak,2025-12-16 11:08:48,25
26,26,Banyak orang ingin investasi saham tapi takut rugi dan tidak paham grafik.,Demokratisasi literasi keuangan pasar modal.,Mahasiswa dan first jobber.,Platform belajar saham virtual SahamKuy . Simulasi trading dengan data real-time tapi uang mainan.,Kampus ekonomi dan bisnis.,Data feed dari bursa efek delay 15 menit .,Langganan fitur premium analisa teknikal.,Langganan API data saham.,Success,[LATAR BELAKANG] Banyak orang ingin investasi saham tapi takut rugi dan tidak paham grafik. [SEP] [NOBLE PURPOSE] Demokratisasi literasi keuangan pasar modal. [SEP] [KONSUMEN] Mahasiswa dan first jobber. [SEP] [PRODUK INOVATIF] Platform belajar saham virtual SahamKuy . Simulasi trading dengan data real-time tapi uang mainan. [SEP] [STRATEGI PEMASARAN] Kampus ekonomi dan bisnis. [SEP] [SUMBER DAYA] Data feed dari bursa efek delay 15 menit . [SEP] [KEUANGAN NARRATIVE] Langganan fitur premium analisa teknikal. [SEP] [RAB NARRATIVE] Langganan API data saham.,100.0,16.666666666666664,0.0,25.2,35.35,22.4,0.0,4.081632653061225,0.0,0.0,33.0,0.0,30,45,30,34.54,23.96,8.98,1.73,20.37,0.9,23.0,Ditolak,2025-12-16 11:08:48,26
27,27,Buah-buahan lokal sering busuk sebelum terjual karena rantai pasok panjang.,Mengurangi food loss dan membantu petani buah.,Toko buah dan supermarket.,Edible Coating BuahAwet dari bahan lilin lebah. Buah tahan busuk 2x lebih lama.,Demo ke pengepul buah.,Mahasiswa kimia murni.,"HPP murah, jual literan.",Bahan baku beeswax dan chitosan.,Success,"[LATAR BELAKANG] Buah-buahan lokal sering busuk sebelum terjual karena rantai pasok panjang. [SEP] [NOBLE PURPOSE] Mengurangi food loss dan membantu petani buah. [SEP] [KONSUMEN] Toko buah dan supermarket. [SEP] [PRODUK INOVATIF] Edible Coating BuahAwet dari bahan lilin lebah. Buah tahan busuk 2x lebih lama. [SEP] [STRATEGI PEMASARAN] Demo ke pengepul buah. [SEP] [SUMBER DAYA] Mahasiswa kimia murni. [SEP] [KEUANGAN NARRATIVE] HPP murah, jual literan. [SEP] [RAB NARRATIVE] Bahan baku beeswax dan chitosan.",100.0,16.666666666666664,0.0,24.5,33.25,22.75,0.0,0.0,0.0,0.0,33.0,0.0,30,45,30,34.4,22.52,9.05,1.72,19.14,0.91,21.77,Ditolak,2025-12-16 11:08:48,27
28,28,Lansia sering lupa minum obat atau salah dosis.,Meningkatkan harapan hidup lansia dengan kepatuhan minum obat.,Keluarga yang merawat lansia.,Kotak obat pintar yang bunyi alarm saat jam minum obat. Ada notif ke HP anak jika obat belum diminum.,Toko alat kesehatan.,Engineer elektro.,Harga jual 300rb per unit.,Produksi casing 3D print dan PCB custom.,Success,[LATAR BELAKANG] Lansia sering lupa minum obat atau salah dosis. [SEP] [NOBLE PURPOSE] Meningkatkan harapan hidup lansia dengan kepatuhan minum obat. [SEP] [KONSUMEN] Keluarga yang merawat lansia. [SEP] [PRODUK INOVATIF] Kotak obat pintar yang bunyi alarm saat jam minum obat. Ada notif ke HP anak jika obat belum diminum. [SEP] [STRATEGI PEMASARAN] Toko alat kesehatan. [SEP] [SUMBER DAYA] Engineer elektro. [SEP] [KEUANGAN NARRATIVE] Harga jual 300rb per unit. [SEP] [RAB NARRATIVE] Produksi casing 3D print dan PCB custom.,0.0,33.33333333333333,0.0,23.8,35.35,23.45,0.0,0.0,0.0,0.0,33.0,33.0,30,45,30,9.26,27.1,14.14,0.46,23.04,1.41,24.91,Ditolak,2025-12-16 11:08:48,28
29,29,Banyak buku bekas kuliah yang numpuk tidak terpakai.,Sirkulasi ilmu pengetahuan yang murah.,Mahasiswa baru.,Marketplace buku bekas khusus buku kuliah.,Grup angkatan maba.,Web developer.,Fee transaksi.,Hosting web.,Partial,[LATAR BELAKANG] Banyak buku bekas kuliah yang numpuk tidak terpakai. [SEP] [NOBLE PURPOSE] Sirkulasi ilmu pengetahuan yang murah. [SEP] [KONSUMEN] Mahasiswa baru. [SEP] [PRODUK INOVATIF] Marketplace buku bekas khusus buku kuliah. [SEP] [STRATEGI PEMASARAN] Grup angkatan maba. [SEP] [SUMBER DAYA] Web developer. [SEP] [KEUANGAN NARRATIVE] Fee transaksi. [SEP] [RAB NARRATIVE] Hosting web.,100.0,0.0,0.0,23.8,28.0,21.7,0.0,2.0408163265306123,0.0,0.0,0.0,0.0,30,45,30,34.26,12.86,8.84,1.71,10.93,0.88,13.52,Ditolak,2025-12-16 11:08:48,29
30,30,Stress kerja tinggi butuh healing tapi tidak punya waktu liburan jauh.,Kesehatan mental masyarakat urban.,Karyawan SCBD Sudirman Central Business District .,Jasa CurhatTeman . Teman sewaan untuk mendengarkan keluh kesah bukan psikolog klinis .,Twitter X.,Pendengar yang empatik.,Tarif per jam.,Website booking jadwal.,Success,[LATAR BELAKANG] Stress kerja tinggi butuh healing tapi tidak punya waktu liburan jauh. [SEP] [NOBLE PURPOSE] Kesehatan mental masyarakat urban. [SEP] [KONSUMEN] Karyawan SCBD Sudirman Central Business District . [SEP] [PRODUK INOVATIF] Jasa CurhatTeman . Teman sewaan untuk mendengarkan keluh kesah bukan psikolog klinis . [SEP] [STRATEGI PEMASARAN] Twitter X. [SEP] [SUMBER DAYA] Pendengar yang empatik. [SEP] [KEUANGAN NARRATIVE] Tarif per jam. [SEP] [RAB NARRATIVE] Website booking jadwal.,100.0,16.666666666666664,0.0,24.85,32.2,22.05,0.0,0.0,0.0,0.0,0.0,0.0,30,45,30,34.47,17.36,8.91,1.72,14.76,0.89,17.37,Ditolak,2025-12-16 11:08:48,30
31,31,Hama tikus di sawah merugikan petani hingga gagal panen.,Ketahanan pangan nasional.,Petani padi.,Alat pengusir tikus gelombang ultrasonik tenaga surya.,Dinas pertanian.,Mahasiswa fisika.,Jual putus alat.,Panel surya mini dan speaker ultrasonik.,Success,[LATAR BELAKANG] Hama tikus di sawah merugikan petani hingga gagal panen. [SEP] [NOBLE PURPOSE] Ketahanan pangan nasional. [SEP] [KONSUMEN] Petani padi. [SEP] [PRODUK INOVATIF] Alat pengusir tikus gelombang ultrasonik tenaga surya. [SEP] [STRATEGI PEMASARAN] Dinas pertanian. [SEP] [SUMBER DAYA] Mahasiswa fisika. [SEP] [KEUANGAN NARRATIVE] Jual putus alat. [SEP] [RAB NARRATIVE] Panel surya mini dan speaker ultrasonik.,100.0,16.666666666666664,0.0,24.15,27.65,23.1,0.0,0.0,0.0,0.0,0.0,0.0,30,45,30,34.33,16.45,9.12,1.72,13.98,0.91,16.61,Ditolak,2025-12-16 11:08:48,31
32,32,Banyak hoax beredar di grup WhatsApp keluarga.,Mencerdaskan kehidupan bangsa dengan literasi digital.,Pengguna internet umum.,Chatbot WhatsApp CekFakta otomatis verifikasi berita hoax atau fakta.,Viral marketing.,API NLP dan database berita valid.,Donasi dan grant riset.,Server GPU untuk model AI.,Success,[LATAR BELAKANG] Banyak hoax beredar di grup WhatsApp keluarga. [SEP] [NOBLE PURPOSE] Mencerdaskan kehidupan bangsa dengan literasi digital. [SEP] [KONSUMEN] Pengguna internet umum. [SEP] [PRODUK INOVATIF] Chatbot WhatsApp CekFakta otomatis verifikasi berita hoax atau fakta. [SEP] [STRATEGI PEMASARAN] Viral marketing. [SEP] [SUMBER DAYA] API NLP dan database berita valid. [SEP] [KEUANGAN NARRATIVE] Donasi dan grant riset. [SEP] [RAB NARRATIVE] Server GPU untuk model AI.,0.0,33.33333333333333,0.0,23.45,31.5,22.75,0.0,4.081632653061225,0.0,0.0,0.0,0.0,30,45,30,9.19,22.4,9.05,0.46,19.04,0.91,20.41,Ditolak,2025-12-16 11:08:48,32
33,33,Sulit mencari mentor skripsi yang satu frekuensi riset.,Mempercepat kelulusan mahasiswa tingkat akhir.,Mahasiswa semester akhir.,Platform matchmaking dosen-mahasiswa berdasarkan minat riset seperti Tinder tapi buat skripsi .,Sosialisasi ke prodi.,Algoritma matching.,Freemium model.,Marketing kampus.,Success,[LATAR BELAKANG] Sulit mencari mentor skripsi yang satu frekuensi riset. [SEP] [NOBLE PURPOSE] Mempercepat kelulusan mahasiswa tingkat akhir. [SEP] [KONSUMEN] Mahasiswa semester akhir. [SEP] [PRODUK INOVATIF] Platform matchmaking dosen-mahasiswa berdasarkan minat riset seperti Tinder tapi buat skripsi . [SEP] [STRATEGI PEMASARAN] Sosialisasi ke prodi. [SEP] [SUMBER DAYA] Algoritma matching. [SEP] [KEUANGAN NARRATIVE] Freemium model. [SEP] [RAB NARRATIVE] Marketing kampus.,100.0,16.666666666666664,0.0,23.8,30.45,21.7,0.0,2.0408163265306123,0.0,0.0,0.0,0.0,30,45,30,34.26,17.52,8.84,1.71,14.89,0.88,17.48,Ditolak,2025-12-16 11:08:48,33
34,34,Limbah kulit kerang di pantai Cirebon menumpuk bau.,Ekonomi kreatif pesisir.,Turis dan dekorator interior.,Kerajinan lampu hias dari kulit kerang dan resin.,Toko oleh-oleh Cirebon.,Pengrajin lokal.,Margin 100 .,Bahan resin dan katalis.,Success,[LATAR BELAKANG] Limbah kulit kerang di pantai Cirebon menumpuk bau. [SEP] [NOBLE PURPOSE] Ekonomi kreatif pesisir. [SEP] [KONSUMEN] Turis dan dekorator interior. [SEP] [PRODUK INOVATIF] Kerajinan lampu hias dari kulit kerang dan resin. [SEP] [STRATEGI PEMASARAN] Toko oleh-oleh Cirebon. [SEP] [SUMBER DAYA] Pengrajin lokal. [SEP] [KEUANGAN NARRATIVE] Margin 100 . [SEP] [RAB NARRATIVE] Bahan resin dan katalis.,100.0,0.0,0.0,23.8,29.049999999999997,22.4,0.0,2.0408163265306123,0.0,0.0,33.0,0.0,30,45,30,34.26,18.02,8.98,1.71,15.32,0.9,17.93,Ditolak,2025-12-16 11:08:48,34
35,35,Anak kos sering bingung mau masak apa dengan bahan sisa di kulkas.,Menghemat pengeluaran makan anak kos.,Anak kos.,"App MasakApa . Foto isi kulkas, AI rekomendasikan resep yang bisa dibuat.",TikTok konten masak simple.,Database resep masakan indonesia.,Iklan bumbu masak di dalam aplikasi.,API Image Recognition.,Success,"[LATAR BELAKANG] Anak kos sering bingung mau masak apa dengan bahan sisa di kulkas. [SEP] [NOBLE PURPOSE] Menghemat pengeluaran makan anak kos. [SEP] [KONSUMEN] Anak kos. [SEP] [PRODUK INOVATIF] App MasakApa . Foto isi kulkas, AI rekomendasikan resep yang bisa dibuat. [SEP] [STRATEGI PEMASARAN] TikTok konten masak simple. [SEP] [SUMBER DAYA] Database resep masakan indonesia. [SEP] [KEUANGAN NARRATIVE] Iklan bumbu masak di dalam aplikasi. [SEP] [RAB NARRATIVE] API Image Recognition.",100.0,16.666666666666664,0.0,25.2,32.55,22.05,0.0,0.0,0.0,0.0,0.0,0.0,30,45,30,34.54,17.43,8.91,1.73,14.82,0.89,17.44,Ditolak,2025-12-16 11:08:48,35
36,36,Antrian barbershop sering tidak jelas nunggu berapa lama.,Efisiensi waktu grooming pria.,Pria urban.,Aplikasi booking barbershop real-time.,Kerjasama barbershop lokal.,Sistem POS untuk barber.,Langganan SaaS barbershop.,Tablet android untuk mitra barber.,Success,[LATAR BELAKANG] Antrian barbershop sering tidak jelas nunggu berapa lama. [SEP] [NOBLE PURPOSE] Efisiensi waktu grooming pria. [SEP] [KONSUMEN] Pria urban. [SEP] [PRODUK INOVATIF] Aplikasi booking barbershop real-time. [SEP] [STRATEGI PEMASARAN] Kerjasama barbershop lokal. [SEP] [SUMBER DAYA] Sistem POS untuk barber. [SEP] [KEUANGAN NARRATIVE] Langganan SaaS barbershop. [SEP] [RAB NARRATIVE] Tablet android untuk mitra barber.,100.0,0.0,0.0,23.8,28.0,22.75,0.0,2.0408163265306123,0.0,0.0,0.0,0.0,30,45,30,34.26,12.86,9.05,1.71,10.93,0.91,13.55,Ditolak,2025-12-16 11:08:48,36
37,37,Banyak freelancer tidak punya asuransi kesehatan atau BPJS.,Jaring pengaman sosial pekerja gig economy.,"Freelancer, ojol.",Agregator asuransi mikro ProteksiReceh . Premi mulai 10rb per bulan.,Komunitas freelancer.,Broker asuransi digital.,Komisi penjualan polis.,Legalitas OJK mahal .,Success,"[LATAR BELAKANG] Banyak freelancer tidak punya asuransi kesehatan atau BPJS. [SEP] [NOBLE PURPOSE] Jaring pengaman sosial pekerja gig economy. [SEP] [KONSUMEN] Freelancer, ojol. [SEP] [PRODUK INOVATIF] Agregator asuransi mikro ProteksiReceh . Premi mulai 10rb per bulan. [SEP] [STRATEGI PEMASARAN] Komunitas freelancer. [SEP] [SUMBER DAYA] Broker asuransi digital. [SEP] [KEUANGAN NARRATIVE] Komisi penjualan polis. [SEP] [RAB NARRATIVE] Legalitas OJK mahal .",100.0,16.666666666666664,0.0,23.8,30.1,22.4,0.0,6.122448979591836,0.0,0.0,33.0,0.0,30,45,30,34.26,23.42,8.98,1.71,19.91,0.9,22.52,Ditolak,2025-12-16 11:08:48,37
38,38,Sulit mencari ART atau baby sitter yang terpercaya background check-nya.,Keamanan keluarga.,Keluarga muda bekerja.,Platform penyalur ART BantuRumah dengan verifikasi biometrik dan psikotes.,Komunitas ibu-ibu komplek.,Psikolog untuk screening ART.,Biaya administrasi pengambilan ART.,Sistem database kependudukan.,Success,[LATAR BELAKANG] Sulit mencari ART atau baby sitter yang terpercaya background check-nya. [SEP] [NOBLE PURPOSE] Keamanan keluarga. [SEP] [KONSUMEN] Keluarga muda bekerja. [SEP] [PRODUK INOVATIF] Platform penyalur ART BantuRumah dengan verifikasi biometrik dan psikotes. [SEP] [STRATEGI PEMASARAN] Komunitas ibu-ibu komplek. [SEP] [SUMBER DAYA] Psikolog untuk screening ART. [SEP] [KEUANGAN NARRATIVE] Biaya administrasi pengambilan ART. [SEP] [RAB NARRATIVE] Sistem database kependudukan.,100.0,16.666666666666664,0.0,24.5,29.75,22.05,0.0,2.0408163265306123,0.0,0.0,0.0,0.0,30,45,30,34.4,17.38,8.91,1.72,14.77,0.89,17.38,Ditolak,2025-12-16 11:08:48,38
39,39,"Batik tulis tradisional mahal dan proses lama, anak muda kurang minat.",Regenerasi pembatik muda.,Gen Z.,Batik cap motif pop-culture anime game dengan pewarna alami.,Fashion show indie.,Desainer motif batik.,Jual kemeja batik modern.,Canting cap tembaga custom.,Success,"[LATAR BELAKANG] Batik tulis tradisional mahal dan proses lama, anak muda kurang minat. [SEP] [NOBLE PURPOSE] Regenerasi pembatik muda. [SEP] [KONSUMEN] Gen Z. [SEP] [PRODUK INOVATIF] Batik cap motif pop-culture anime game dengan pewarna alami. [SEP] [STRATEGI PEMASARAN] Fashion show indie. [SEP] [SUMBER DAYA] Desainer motif batik. [SEP] [KEUANGAN NARRATIVE] Jual kemeja batik modern. [SEP] [RAB NARRATIVE] Canting cap tembaga custom.",100.0,16.666666666666664,0.0,24.85,29.4,22.4,0.0,0.0,0.0,0.0,0.0,0.0,30,45,30,34.47,16.8,8.98,1.72,14.28,0.9,16.9,Ditolak,2025-12-16 11:08:48,39
40,40,Belajar ngaji Al-Quran sering terkendala jarak guru ngaji.,Memberantas buta huruf Al-Quran.,Muslim urban.,Aplikasi NgajiOnline . Video call privat dengan ustadz tersertifikasi.,Pengajian perkantoran.,Database ustadz ustadzah.,Paket langganan bulanan.,Server video streaming lancar.,Success,[LATAR BELAKANG] Belajar ngaji Al-Quran sering terkendala jarak guru ngaji. [SEP] [NOBLE PURPOSE] Memberantas buta huruf Al-Quran. [SEP] [KONSUMEN] Muslim urban. [SEP] [PRODUK INOVATIF] Aplikasi NgajiOnline . Video call privat dengan ustadz tersertifikasi. [SEP] [STRATEGI PEMASARAN] Pengajian perkantoran. [SEP] [SUMBER DAYA] Database ustadz ustadzah. [SEP] [KEUANGAN NARRATIVE] Paket langganan bulanan. [SEP] [RAB NARRATIVE] Server video streaming lancar.,100.0,16.666666666666664,0.0,23.8,29.049999999999997,22.4,0.0,0.0,0.0,0.0,0.0,0.0,30,45,30,34.26,16.73,8.98,1.71,14.22,0.9,16.83,Ditolak,2025-12-16 11:08:48,40
41,41,Usaha laundry kiloan sering tertukar bajunya atau hilang.,Profesionalitas bisnis laundry.,Pengusaha laundry.,Sistem POS Laundry dengan tagging QR Code tahan air untuk setiap potong baju.,Asosiasi laundry indonesia.,Software engineer.,Jual paket software printer QR.,Printer thermal khusus kain.,Success,[LATAR BELAKANG] Usaha laundry kiloan sering tertukar bajunya atau hilang. [SEP] [NOBLE PURPOSE] Profesionalitas bisnis laundry. [SEP] [KONSUMEN] Pengusaha laundry. [SEP] [PRODUK INOVATIF] Sistem POS Laundry dengan tagging QR Code tahan air untuk setiap potong baju. [SEP] [STRATEGI PEMASARAN] Asosiasi laundry indonesia. [SEP] [SUMBER DAYA] Software engineer. [SEP] [KEUANGAN NARRATIVE] Jual paket software printer QR. [SEP] [RAB NARRATIVE] Printer thermal khusus kain.,100.0,16.666666666666664,0.0,23.8,30.8,22.4,0.0,0.0,0.0,0.0,0.0,0.0,30,45,30,34.26,17.08,8.98,1.71,14.52,0.9,17.13,Ditolak,2025-12-16 11:08:48,41
42,42,Banyak lahan tidur di perkotaan yang tidak produktif.,Urban farming untuk ketahanan pangan kota.,Warga kota.,Paket instalasi hidroponik KebunAtap terima beres pendampingan sampai panen.,Pameran flora fauna.,Ahli agronomi.,Jasa instalasi dan jual nutrisi AB Mix.,Pipa PVC dan pompa air.,Success,[LATAR BELAKANG] Banyak lahan tidur di perkotaan yang tidak produktif. [SEP] [NOBLE PURPOSE] Urban farming untuk ketahanan pangan kota. [SEP] [KONSUMEN] Warga kota. [SEP] [PRODUK INOVATIF] Paket instalasi hidroponik KebunAtap terima beres pendampingan sampai panen. [SEP] [STRATEGI PEMASARAN] Pameran flora fauna. [SEP] [SUMBER DAYA] Ahli agronomi. [SEP] [KEUANGAN NARRATIVE] Jasa instalasi dan jual nutrisi AB Mix. [SEP] [RAB NARRATIVE] Pipa PVC dan pompa air.,100.0,16.666666666666664,0.0,23.8,31.15,22.75,0.0,0.0,0.0,0.0,0.0,0.0,30,45,30,34.26,17.15,9.05,1.71,14.58,0.91,17.2,Ditolak,2025-12-16 11:08:48,42
43,43,Sering kehilangan helm di parkiran kampus.,Keamanan barang pribadi mahasiswa.,Mahasiswa motoran.,Locker penitipan helm SafeHelm berbasis IoT pakai kartu mahasiswa KTM .,Parkiran kampus.,Mekanik locker.,Sewa locker 2000 per hari.,Pembuatan lemari besi locker.,Success,[LATAR BELAKANG] Sering kehilangan helm di parkiran kampus. [SEP] [NOBLE PURPOSE] Keamanan barang pribadi mahasiswa. [SEP] [KONSUMEN] Mahasiswa motoran. [SEP] [PRODUK INOVATIF] Locker penitipan helm SafeHelm berbasis IoT pakai kartu mahasiswa KTM . [SEP] [STRATEGI PEMASARAN] Parkiran kampus. [SEP] [SUMBER DAYA] Mekanik locker. [SEP] [KEUANGAN NARRATIVE] Sewa locker 2000 per hari. [SEP] [RAB NARRATIVE] Pembuatan lemari besi locker.,0.0,16.666666666666664,0.0,23.1,30.1,22.4,0.0,0.0,0.0,0.0,33.0,0.0,30,45,30,9.12,21.89,8.98,0.46,18.61,0.9,19.97,Ditolak,2025-12-16 11:08:48,43
44,44,Tuna netra kesulitan navigasi di trotoar yang rusak.,Inklusivitas difabel.,Penyandang tuna netra.,Tongkat pintar dengan sensor jarak ultrasonik dan GPS yang tersambung ke earphone.,Yayasan tuna netra.,Riset hardware.,CSR Perusahaan.,Komponen sensor dan mikrokontroler.,Success,[LATAR BELAKANG] Tuna netra kesulitan navigasi di trotoar yang rusak. [SEP] [NOBLE PURPOSE] Inklusivitas difabel. [SEP] [KONSUMEN] Penyandang tuna netra. [SEP] [PRODUK INOVATIF] Tongkat pintar dengan sensor jarak ultrasonik dan GPS yang tersambung ke earphone. [SEP] [STRATEGI PEMASARAN] Yayasan tuna netra. [SEP] [SUMBER DAYA] Riset hardware. [SEP] [KEUANGAN NARRATIVE] CSR Perusahaan. [SEP] [RAB NARRATIVE] Komponen sensor dan mikrokontroler.,100.0,16.666666666666664,0.0,23.8,29.4,22.4,0.0,0.0,0.0,0.0,0.0,0.0,30,45,30,34.26,16.8,8.98,1.71,14.28,0.9,16.89,Ditolak,2025-12-16 11:08:48,44
45,45,Wisatawan asing bingung naik angkot di Bandung.,Mendukung pariwisata lokal.,Backpacker asing.,Peta digital rute angkot Bandung dalam bahasa Inggris terintegrasi Google Maps.,Hostel dan hotel murah.,GIS specialist.,Iklan tempat wisata di peta.,Survey rute angkot manual.,Partial,[LATAR BELAKANG] Wisatawan asing bingung naik angkot di Bandung. [SEP] [NOBLE PURPOSE] Mendukung pariwisata lokal. [SEP] [KONSUMEN] Backpacker asing. [SEP] [PRODUK INOVATIF] Peta digital rute angkot Bandung dalam bahasa Inggris terintegrasi Google Maps. [SEP] [STRATEGI PEMASARAN] Hostel dan hotel murah. [SEP] [SUMBER DAYA] GIS specialist. [SEP] [KEUANGAN NARRATIVE] Iklan tempat wisata di peta. [SEP] [RAB NARRATIVE] Survey rute angkot manual.,0.0,16.666666666666664,0.0,23.45,30.45,22.4,0.0,2.0408163265306123,0.0,0.0,0.0,0.0,30,45,30,9.19,17.52,8.98,0.46,14.89,0.9,16.25,Ditolak,2025-12-16 11:08:48,45
46,46,Peternak ayam broiler sering gagal panen karena suhu kandang tidak stabil.,Efisiensi peternakan ayam.,Peternak ayam mitra plasma.,Smart Kandang. Pengatur suhu dan kelembaban otomatis berbasis IoT.,Koperasi peternak.,Teknisi listrik.,Jual alat dan maintenance.,Blower fan dan heater.,Success,[LATAR BELAKANG] Peternak ayam broiler sering gagal panen karena suhu kandang tidak stabil. [SEP] [NOBLE PURPOSE] Efisiensi peternakan ayam. [SEP] [KONSUMEN] Peternak ayam mitra plasma. [SEP] [PRODUK INOVATIF] Smart Kandang. Pengatur suhu dan kelembaban otomatis berbasis IoT. [SEP] [STRATEGI PEMASARAN] Koperasi peternak. [SEP] [SUMBER DAYA] Teknisi listrik. [SEP] [KEUANGAN NARRATIVE] Jual alat dan maintenance. [SEP] [RAB NARRATIVE] Blower fan dan heater.,100.0,16.666666666666664,0.0,24.85,29.4,22.4,0.0,2.0408163265306123,0.0,0.0,0.0,0.0,30,45,30,34.47,17.31,8.98,1.72,14.71,0.9,17.33,Ditolak,2025-12-16 11:08:48,46
47,47,Konsumsi gula berlebih penyebab diabetes di Indonesia tinggi.,Pencegahan diabetes sejak dini.,Health conscious people.,Stevia cair ManisAlami ekstrak daun stevia lokal tanpa aftertaste pahit.,Toko organik.,Ahli teknologi pangan.,Jual botol tetes.,Ekstraksi daun stevia lab.,Success,[LATAR BELAKANG] Konsumsi gula berlebih penyebab diabetes di Indonesia tinggi. [SEP] [NOBLE PURPOSE] Pencegahan diabetes sejak dini. [SEP] [KONSUMEN] Health conscious people. [SEP] [PRODUK INOVATIF] Stevia cair ManisAlami ekstrak daun stevia lokal tanpa aftertaste pahit. [SEP] [STRATEGI PEMASARAN] Toko organik. [SEP] [SUMBER DAYA] Ahli teknologi pangan. [SEP] [KEUANGAN NARRATIVE] Jual botol tetes. [SEP] [RAB NARRATIVE] Ekstraksi daun stevia lab.,100.0,16.666666666666664,0.0,23.8,29.75,22.4,0.0,2.0408163265306123,0.0,0.0,0.0,0.0,30,45,30,34.26,17.38,8.98,1.71,14.77,0.9,17.38,Ditolak,2025-12-16 11:08:48,47
48,48,Susah cari parkir sepeda yang aman di kantor kampus.,Mendukung gerakan bike to work.,Pesepeda.,Rak parkir sepeda susun otomatis hemat tempat.,Gedung perkantoran.,Insinyur sipil mesin.,Jual ke pengelola gedung.,Konstruksi besi baja.,Success,[LATAR BELAKANG] Susah cari parkir sepeda yang aman di kantor kampus. [SEP] [NOBLE PURPOSE] Mendukung gerakan bike to work. [SEP] [KONSUMEN] Pesepeda. [SEP] [PRODUK INOVATIF] Rak parkir sepeda susun otomatis hemat tempat. [SEP] [STRATEGI PEMASARAN] Gedung perkantoran. [SEP] [SUMBER DAYA] Insinyur sipil mesin. [SEP] [KEUANGAN NARRATIVE] Jual ke pengelola gedung. [SEP] [RAB NARRATIVE] Konstruksi besi baja.,100.0,0.0,0.0,24.15,28.7,22.05,0.0,0.0,0.0,0.0,0.0,0.0,30,45,30,34.33,12.49,8.91,1.72,10.62,0.89,13.23,Ditolak,2025-12-16 11:08:48,48
49,49,Limbah minyak atsiri sereh wangi belum dimaksimalkan.,Hilirisasi komoditas lokal.,Pasar ekspor.,Sabun dan skincare berbahan dasar sereh wangi anti nyamuk.,Pameran ekspor.,Formulator kosmetik.,Margin ekspor tinggi.,Sertifikasi BPOM.,Success,[LATAR BELAKANG] Limbah minyak atsiri sereh wangi belum dimaksimalkan. [SEP] [NOBLE PURPOSE] Hilirisasi komoditas lokal. [SEP] [KONSUMEN] Pasar ekspor. [SEP] [PRODUK INOVATIF] Sabun dan skincare berbahan dasar sereh wangi anti nyamuk. [SEP] [STRATEGI PEMASARAN] Pameran ekspor. [SEP] [SUMBER DAYA] Formulator kosmetik. [SEP] [KEUANGAN NARRATIVE] Margin ekspor tinggi. [SEP] [RAB NARRATIVE] Sertifikasi BPOM.,100.0,16.666666666666664,0.0,23.45,28.35,21.7,0.0,4.081632653061225,0.0,0.0,0.0,0.0,30,45,30,34.19,17.61,8.84,1.71,14.97,0.88,17.56,Ditolak,2025-12-16 11:08:48,49
50,50,Banyak barang elektronik rusak sedikit langsung dibuang e-waste .,Circular economy elektronik.,Masyarakat umum.,Kampanye Repair Cafe . Workshop memperbaiki barang elektronik sendiri dipandu ahli gratis.,Balai warga.,Relawan teknisi.,Jual sparepart dan donasi sukarela.,Tools service set lengkap.,Success,[LATAR BELAKANG] Banyak barang elektronik rusak sedikit langsung dibuang e-waste . [SEP] [NOBLE PURPOSE] Circular economy elektronik. [SEP] [KONSUMEN] Masyarakat umum. [SEP] [PRODUK INOVATIF] Kampanye Repair Cafe . Workshop memperbaiki barang elektronik sendiri dipandu ahli gratis. [SEP] [STRATEGI PEMASARAN] Balai warga. [SEP] [SUMBER DAYA] Relawan teknisi. [SEP] [KEUANGAN NARRATIVE] Jual sparepart dan donasi sukarela. [SEP] [RAB NARRATIVE] Tools service set lengkap.,100.0,16.666666666666664,0.0,24.15,30.1,22.4,0.0,0.0,0.0,0.0,0.0,0.0,30,45,30,34.33,16.94,8.98,1.72,14.4,0.9,17.02,Ditolak,2025-12-16 11:08:48,50
